{"cameraMode":{"drawMode":0,"name":"Shaded","section":"Shading Mode"},"sceneLighting":true,"audioPlay":false,"sceneViewState":{"m_AlwaysRefresh":false,"showFog":true,"showSkybox":true,"showFlares":true,"showImageEffects":true,"showParticleSystems":true,"showVisualEffectGraphs":true,"m_FxEnabled":true},"in2DMode":false,"pivot":{"x":270.7214050292969,"y":44.014183044433597,"z":25.903427124023439},"rotation":{"x":0.07429845631122589,"y":0.9139289855957031,"z":-0.34807834029197695,"w":0.19508050382137299},"size":6.052097320556641,"orthographic":false}